id,label
17769,technical_support
17770,other
17771,other
17772,customer_support
17773,customer_support
17774,customer_support
17775,customer_support
17776,customer_support
17777,customer_support
17778,technical_support
17779,other
17780,technical_support
17781,other
17782,other
17783,technical_support
17784,technical_support
17785,other
17786,other
17787,other
17788,technical_support
17789,customer_support
17790,technical_support
17791,technical_support
17792,customer_support
17793,other
17794,technical_support
17795,other
17796,customer_support
17797,technical_support
17798,technical_support
17799,technical_support
17800,customer_support
17801,customer_support
17802,technical_support
17803,customer_support
17804,other
17805,customer_support
17806,customer_support
17807,other
17808,other
17809,other
17810,customer_support
17811,customer_support
17812,customer_support
17813,customer_support
17814,technical_support
17815,other
17816,other
17817,customer_support
17818,other
17819,technical_support
17820,other
17821,other
17822,technical_support
17823,technical_support
17824,technical_support
17825,other
17826,technical_support
17827,technical_support
17828,other
17829,technical_support
17830,technical_support
17831,technical_support
17832,other
17833,technical_support
17834,customer_support
17835,other
17836,technical_support
17837,technical_support
17838,other
17839,other
17840,customer_support
17841,other
17842,other
17843,technical_support
17844,technical_support
17845,customer_support
17846,technical_support
17847,other
17848,other
17849,technical_support
17850,other
17851,customer_support
17852,customer_support
17853,technical_support
17854,other
17855,other
17856,other
17857,technical_support
17858,other
17859,customer_support
17860,technical_support
17861,customer_support
17862,customer_support
17863,technical_support
17864,other
17865,customer_support
17866,customer_support
17867,other
17868,technical_support
17869,other
17870,technical_support
17871,customer_support
17872,customer_support
17873,technical_support
17874,technical_support
17875,customer_support
17876,customer_support
17877,technical_support
17878,other
17879,other
17880,customer_support
17881,technical_support
17882,other
17883,technical_support
17884,technical_support
17885,technical_support
17886,customer_support
17887,technical_support
17888,customer_support
17889,other
17890,other
17891,technical_support
17892,customer_support
17893,technical_support
17894,customer_support
17895,other
17896,other
17897,technical_support
17898,customer_support
17899,technical_support
17900,technical_support
17901,technical_support
17902,customer_support
17903,technical_support
17904,technical_support
17905,customer_support
17906,other
17907,other
17908,customer_support
17909,other
17910,other
17911,technical_support
17912,technical_support
17913,other
17914,other
17915,other
17916,technical_support
17917,customer_support
17918,other
17919,customer_support
17920,other
17921,technical_support
17922,other
17923,other
17924,technical_support
17925,other
17926,technical_support
17927,customer_support
17928,other
17929,technical_support
17930,technical_support
17931,other
17932,other
17933,other
17934,other
17935,customer_support
17936,technical_support
17937,customer_support
17938,other
17939,customer_support
17940,technical_support
17941,technical_support
17942,technical_support
17943,technical_support
17944,technical_support
17945,customer_support
17946,customer_support
17947,customer_support
17948,technical_support
17949,technical_support
17950,technical_support
17951,technical_support
17952,technical_support
17953,technical_support
17954,customer_support
17955,customer_support
17956,technical_support
17957,customer_support
17958,technical_support
17959,technical_support
17960,technical_support
17961,other
17962,customer_support
17963,other
17964,technical_support
17965,other
17966,technical_support
17967,other
17968,technical_support
17969,customer_support
17970,other
17971,customer_support
17972,customer_support
17973,technical_support
17974,technical_support
17975,customer_support
17976,technical_support
17977,technical_support
17978,customer_support
17979,other
17980,other
17981,other
17982,other
17983,customer_support
17984,technical_support
17985,technical_support
17986,customer_support
17987,technical_support
17988,technical_support
17989,customer_support
17990,other
17991,other
17992,customer_support
17993,technical_support
17994,technical_support
17995,customer_support
17996,customer_support
17997,customer_support
17998,technical_support
17999,customer_support
18000,other
18001,technical_support
18002,technical_support
18003,customer_support
18004,customer_support
18005,other
18006,technical_support
18007,other
18008,customer_support
18009,other
18010,other
18011,customer_support
18012,other
18013,technical_support
18014,technical_support
18015,customer_support
18016,other
18017,technical_support
18018,customer_support
18019,customer_support
18020,customer_support
18021,customer_support
18022,technical_support
18023,customer_support
18024,customer_support
18025,customer_support
18026,customer_support
18027,technical_support
18028,customer_support
18029,technical_support
18030,other
18031,technical_support
18032,other
18033,technical_support
18034,technical_support
18035,customer_support
18036,other
18037,other
18038,customer_support
18039,other
18040,other
18041,other
18042,technical_support
18043,technical_support
18044,other
18045,technical_support
18046,technical_support
18047,other
18048,other
18049,customer_support
18050,other
18051,customer_support
18052,other
18053,customer_support
18054,technical_support
18055,technical_support
18056,customer_support
18057,technical_support
18058,other
18059,customer_support
18060,technical_support
18061,technical_support
18062,customer_support
18063,other
18064,technical_support
18065,technical_support
18066,other
18067,technical_support
18068,technical_support
18069,customer_support
18070,customer_support
18071,customer_support
18072,other
18073,customer_support
18074,customer_support
18075,customer_support
18076,other
18077,other
18078,customer_support
18079,technical_support
18080,technical_support
18081,other
18082,technical_support
18083,technical_support
18084,customer_support
18085,customer_support
18086,technical_support
18087,other
18088,customer_support
18089,other
18090,other
18091,other
18092,other
18093,customer_support
18094,other
18095,other
18096,technical_support
18097,technical_support
18098,technical_support
18099,customer_support
18100,customer_support
18101,technical_support
18102,customer_support
18103,other
18104,technical_support
18105,other
18106,technical_support
18107,customer_support
18108,other
18109,other
18110,other
18111,other
18112,technical_support
18113,technical_support
18114,customer_support
18115,customer_support
18116,customer_support
18117,customer_support
18118,technical_support
18119,customer_support
18120,technical_support
18121,customer_support
18122,technical_support
18123,other
18124,technical_support
18125,other
18126,technical_support
18127,technical_support
18128,technical_support
18129,other
18130,technical_support
18131,technical_support
18132,customer_support
18133,other
18134,customer_support
18135,customer_support
18136,technical_support
18137,customer_support
18138,technical_support
18139,technical_support
18140,customer_support
18141,technical_support
18142,other
18143,technical_support
18144,technical_support
18145,other
18146,other
18147,technical_support
18148,other
18149,technical_support
18150,customer_support
18151,technical_support
18152,other
18153,technical_support
18154,other
18155,customer_support
18156,customer_support
18157,other
18158,technical_support
18159,customer_support
18160,other
18161,other
18162,customer_support
18163,other
18164,technical_support
18165,technical_support
18166,technical_support
18167,other
18168,other
18169,technical_support
18170,customer_support
18171,technical_support
18172,customer_support
18173,other
18174,technical_support
18175,other
18176,customer_support
18177,other
18178,other
18179,technical_support
18180,other
18181,technical_support
18182,technical_support
18183,customer_support
18184,customer_support
18185,other
18186,other
18187,other
18188,technical_support
18189,customer_support
18190,customer_support
18191,technical_support
18192,other
18193,technical_support
18194,customer_support
18195,technical_support
18196,technical_support
18197,customer_support
18198,customer_support
18199,customer_support
18200,other
18201,technical_support
18202,technical_support
18203,customer_support
18204,other
18205,other
18206,technical_support
18207,customer_support
18208,technical_support
18209,technical_support
18210,technical_support
18211,customer_support
18212,customer_support
18213,other
18214,customer_support
18215,customer_support
18216,customer_support
18217,customer_support
18218,technical_support
18219,technical_support
18220,other
18221,technical_support
18222,other
18223,customer_support
18224,customer_support
18225,customer_support
18226,technical_support
18227,other
18228,customer_support
18229,customer_support
18230,technical_support
18231,customer_support
18232,other
18233,technical_support
18234,other
18235,technical_support
18236,technical_support
18237,customer_support
18238,customer_support
18239,customer_support
18240,other
18241,customer_support
18242,customer_support
18243,technical_support
18244,technical_support
18245,technical_support
18246,other
18247,other
18248,technical_support
18249,other
18250,customer_support
18251,customer_support
18252,technical_support
18253,customer_support
18254,technical_support
18255,other
18256,other
18257,technical_support
18258,technical_support
18259,other
18260,other
18261,technical_support
18262,other
18263,other
18264,technical_support
18265,technical_support
18266,customer_support
18267,other
18268,technical_support
18269,customer_support
18270,other
18271,other
18272,customer_support
18273,technical_support
18274,technical_support
18275,other
18276,technical_support
18277,customer_support
18278,other
18279,customer_support
18280,other
18281,customer_support
18282,technical_support
18283,technical_support
18284,customer_support
18285,technical_support
18286,technical_support
18287,customer_support
18288,technical_support
18289,technical_support
18290,technical_support
18291,technical_support
18292,customer_support
18293,other
18294,technical_support
18295,technical_support
18296,customer_support
18297,other
18298,other
18299,technical_support
18300,other
18301,other
18302,other
18303,other
18304,customer_support
18305,technical_support
18306,other
18307,customer_support
18308,customer_support
18309,other
18310,technical_support
18311,customer_support
18312,technical_support
18313,customer_support
18314,customer_support
18315,other
18316,technical_support
18317,customer_support
18318,technical_support
18319,customer_support
18320,technical_support
18321,customer_support
18322,technical_support
18323,customer_support
18324,other
18325,customer_support
18326,technical_support
18327,other
18328,technical_support
18329,other
18330,other
18331,other
18332,technical_support
18333,other
18334,technical_support
18335,customer_support
18336,other
18337,customer_support
18338,technical_support
18339,customer_support
18340,technical_support
18341,technical_support
18342,customer_support
18343,customer_support
18344,technical_support
18345,other
18346,other
18347,technical_support
18348,customer_support
18349,customer_support
18350,other
18351,technical_support
18352,customer_support
18353,other
18354,other
18355,customer_support
18356,other
18357,other
18358,other
18359,customer_support
18360,other
18361,technical_support
18362,customer_support
18363,customer_support
18364,technical_support
18365,customer_support
18366,technical_support
18367,other
18368,technical_support
18369,other
18370,technical_support
18371,other
18372,other
18373,other
18374,customer_support
18375,customer_support
18376,technical_support
18377,other
18378,other
18379,customer_support
18380,technical_support
18381,technical_support
18382,other
18383,customer_support
18384,technical_support
18385,other
18386,technical_support
18387,customer_support
18388,other
18389,technical_support
18390,customer_support
18391,customer_support
18392,other
18393,technical_support
18394,technical_support
18395,technical_support
18396,other
18397,other
18398,other
18399,technical_support
18400,customer_support
18401,customer_support
18402,technical_support
18403,customer_support
18404,customer_support
18405,technical_support
18406,customer_support
18407,technical_support
18408,technical_support
18409,customer_support
18410,other
18411,customer_support
18412,other
18413,other
18414,technical_support
18415,technical_support
18416,customer_support
18417,customer_support
18418,technical_support
18419,customer_support
18420,customer_support
18421,other
18422,customer_support
18423,technical_support
18424,technical_support
18425,customer_support
18426,other
18427,other
18428,customer_support
18429,other
18430,technical_support
18431,other
18432,customer_support
18433,customer_support
18434,other
18435,other
18436,customer_support
18437,other
18438,customer_support
18439,other
18440,technical_support
18441,customer_support
18442,technical_support
18443,customer_support
18444,other
18445,technical_support
18446,customer_support
18447,technical_support
18448,other
18449,other
18450,customer_support
18451,customer_support
18452,technical_support
18453,other
18454,technical_support
18455,technical_support
18456,other
18457,technical_support
18458,other
18459,customer_support
18460,customer_support
18461,other
18462,customer_support
18463,customer_support
18464,other
18465,other
18466,other
18467,other
18468,technical_support
18469,technical_support
18470,technical_support
18471,customer_support
18472,customer_support
18473,other
18474,other
18475,technical_support
18476,technical_support
18477,technical_support
18478,customer_support
18479,customer_support
18480,customer_support
18481,customer_support
18482,technical_support
18483,other
18484,technical_support
18485,customer_support
18486,other
18487,customer_support
18488,customer_support
18489,technical_support
18490,technical_support
18491,customer_support
18492,other
18493,technical_support
18494,other
18495,technical_support
18496,customer_support
18497,customer_support
18498,customer_support
18499,other
18500,customer_support
18501,customer_support
18502,other
18503,other
18504,customer_support
18505,other
18506,technical_support
18507,technical_support
18508,customer_support
18509,technical_support
18510,other
18511,other
18512,other
18513,technical_support
18514,customer_support
18515,other
18516,technical_support
18517,other
18518,other
18519,customer_support
18520,technical_support
18521,customer_support
18522,customer_support
18523,customer_support
18524,other
18525,other
18526,other
18527,technical_support
18528,other
18529,technical_support
18530,customer_support
18531,customer_support
18532,customer_support
18533,other
18534,technical_support
18535,customer_support
18536,customer_support
18537,other
18538,technical_support
18539,customer_support
18540,technical_support
18541,technical_support
18542,other
18543,customer_support
18544,other
18545,technical_support
18546,technical_support
18547,customer_support
18548,technical_support
18549,other
18550,technical_support
18551,technical_support
18552,technical_support
18553,technical_support
18554,technical_support
18555,other
18556,technical_support
18557,other
18558,technical_support
18559,customer_support
18560,customer_support
18561,other
18562,technical_support
18563,technical_support
18564,customer_support
18565,technical_support
18566,other
18567,technical_support
18568,other
18569,technical_support
18570,customer_support
18571,other
18572,technical_support
18573,technical_support
18574,customer_support
18575,customer_support
18576,customer_support
18577,technical_support
18578,customer_support
18579,other
18580,technical_support
18581,technical_support
18582,customer_support
18583,other
18584,technical_support
18585,other
18586,customer_support
18587,technical_support
18588,other
18589,technical_support
18590,technical_support
18591,other
18592,technical_support
18593,technical_support
18594,technical_support
18595,other
18596,other
18597,technical_support
18598,technical_support
18599,other
18600,technical_support
18601,customer_support
18602,technical_support
18603,customer_support
18604,technical_support
18605,other
18606,other
18607,customer_support
18608,other
18609,customer_support
18610,other
18611,technical_support
18612,customer_support
18613,customer_support
18614,technical_support
18615,customer_support
18616,customer_support
18617,customer_support
18618,other
18619,other
18620,other
18621,customer_support
18622,technical_support
18623,customer_support
18624,technical_support
18625,technical_support
18626,customer_support
18627,customer_support
18628,other
18629,customer_support
18630,other
18631,other
18632,other
18633,technical_support
18634,technical_support
18635,customer_support
18636,other
18637,technical_support
18638,technical_support
18639,technical_support
18640,other
18641,other
18642,other
18643,other
18644,customer_support
18645,other
18646,customer_support
18647,other
18648,technical_support
18649,technical_support
18650,technical_support
18651,customer_support
18652,customer_support
18653,other
18654,technical_support
18655,customer_support
18656,technical_support
18657,customer_support
18658,other
18659,customer_support
18660,technical_support
18661,technical_support
18662,other
18663,technical_support
18664,other
18665,technical_support
18666,customer_support
18667,customer_support
18668,customer_support
18669,other
18670,technical_support
18671,technical_support
18672,technical_support
18673,customer_support
18674,technical_support
18675,customer_support
18676,other
18677,other
18678,other
18679,other
18680,other
18681,customer_support
18682,technical_support
18683,technical_support
18684,other
18685,other
18686,customer_support
18687,other
18688,technical_support
18689,technical_support
18690,technical_support
18691,customer_support
18692,customer_support
18693,technical_support
18694,customer_support
18695,customer_support
18696,other
18697,customer_support
18698,technical_support
18699,customer_support
18700,other
18701,other
18702,customer_support
18703,other
18704,customer_support
18705,technical_support
18706,other
18707,customer_support
18708,technical_support
18709,technical_support
18710,customer_support
18711,other
18712,customer_support
18713,other
18714,other
18715,customer_support
18716,customer_support
18717,other
18718,customer_support
18719,technical_support
18720,technical_support
18721,technical_support
18722,technical_support
18723,technical_support
18724,other
18725,other
18726,customer_support
18727,customer_support
18728,customer_support
18729,technical_support
18730,other
18731,technical_support
18732,other
18733,other
18734,other
18735,technical_support
18736,other
18737,other
18738,other
18739,technical_support
18740,technical_support
18741,other
18742,other
18743,customer_support
18744,other
18745,customer_support
18746,other
18747,customer_support
18748,other
18749,other
18750,other
18751,other
18752,customer_support
18753,customer_support
18754,other
18755,technical_support
18756,other
18757,other
18758,other
18759,technical_support
18760,other
18761,other
18762,other
18763,other
18764,technical_support
18765,customer_support
18766,other
18767,customer_support
18768,technical_support
18769,other
18770,customer_support
18771,customer_support
18772,technical_support
18773,other
18774,technical_support
18775,customer_support
18776,customer_support
18777,other
18778,customer_support
18779,other
18780,other
18781,customer_support
18782,customer_support
18783,technical_support
18784,technical_support
18785,other
18786,technical_support
18787,other
18788,technical_support
18789,customer_support
18790,other
18791,customer_support
18792,other
18793,technical_support
18794,technical_support
18795,customer_support
18796,other
18797,customer_support
18798,customer_support
18799,other
18800,technical_support
18801,technical_support
18802,other
18803,customer_support
18804,technical_support
18805,other
18806,other
18807,other
18808,customer_support
18809,technical_support
18810,customer_support
18811,other
18812,other
18813,customer_support
18814,customer_support
18815,other
18816,customer_support
18817,other
18818,other
18819,customer_support
18820,technical_support
18821,customer_support
18822,other
18823,customer_support
18824,customer_support
18825,other
18826,technical_support
18827,other
18828,other
18829,customer_support
18830,technical_support
18831,technical_support
18832,technical_support
18833,customer_support
18834,technical_support
18835,other
18836,customer_support
18837,technical_support
18838,customer_support
18839,other
18840,customer_support
18841,customer_support
18842,other
18843,other
18844,other
18845,customer_support
18846,customer_support
18847,customer_support
18848,technical_support
18849,customer_support
18850,technical_support
18851,customer_support
18852,customer_support
18853,other
18854,other
18855,other
18856,other
18857,other
18858,technical_support
18859,technical_support
18860,customer_support
18861,customer_support
18862,customer_support
18863,customer_support
18864,technical_support
18865,technical_support
18866,other
18867,technical_support
18868,technical_support
18869,technical_support
18870,other
18871,other
18872,other
18873,customer_support
18874,customer_support
18875,technical_support
18876,customer_support
18877,customer_support
18878,other
18879,other
18880,customer_support
18881,customer_support
18882,technical_support
18883,customer_support
18884,customer_support
18885,other
18886,technical_support
18887,other
18888,other
18889,technical_support
18890,other
18891,other
18892,technical_support
18893,technical_support
18894,customer_support
18895,technical_support
18896,customer_support
18897,technical_support
18898,customer_support
18899,technical_support
18900,customer_support
18901,technical_support
18902,other
18903,other
18904,customer_support
18905,customer_support
18906,technical_support
18907,customer_support
18908,customer_support
18909,other
18910,other
18911,other
18912,other
18913,customer_support
18914,customer_support
18915,customer_support
18916,other
18917,other
18918,customer_support
18919,technical_support
18920,customer_support
18921,other
18922,technical_support
18923,technical_support
18924,other
18925,other
18926,other
18927,other
18928,other
18929,other
18930,other
18931,technical_support
18932,other
18933,customer_support
18934,customer_support
18935,other
18936,other
18937,technical_support
18938,technical_support
18939,customer_support
18940,technical_support
18941,other
18942,other
18943,technical_support
18944,customer_support
18945,other
18946,customer_support
18947,technical_support
18948,customer_support
18949,technical_support
18950,technical_support
18951,technical_support
18952,other
18953,other
18954,technical_support
18955,customer_support
18956,other
18957,customer_support
18958,technical_support
18959,technical_support
18960,other
18961,other
18962,technical_support
18963,customer_support
18964,customer_support
18965,customer_support
18966,technical_support
18967,other
18968,customer_support
18969,other
18970,customer_support
18971,other
18972,technical_support
18973,technical_support
18974,technical_support
18975,customer_support
18976,other
18977,technical_support
18978,technical_support
18979,customer_support
18980,other
18981,other
18982,customer_support
18983,technical_support
18984,technical_support
18985,technical_support
18986,customer_support
18987,other
18988,customer_support
18989,technical_support
18990,other
18991,other
18992,other
18993,technical_support
18994,customer_support
18995,customer_support
18996,other
18997,other
18998,other
18999,technical_support
19000,other
19001,technical_support
19002,technical_support
19003,other
19004,customer_support
19005,technical_support
19006,customer_support
19007,customer_support
19008,technical_support
19009,customer_support
19010,technical_support
19011,other
19012,other
19013,other
19014,customer_support
19015,customer_support
19016,other
19017,other
19018,technical_support
19019,technical_support
19020,customer_support
19021,customer_support
19022,technical_support
19023,customer_support
19024,other
19025,technical_support
19026,technical_support
19027,technical_support
19028,technical_support
19029,customer_support
19030,customer_support
19031,other
19032,technical_support
19033,customer_support
19034,customer_support
19035,technical_support
19036,customer_support
19037,technical_support
19038,customer_support
19039,customer_support
19040,technical_support
19041,customer_support
19042,other
19043,technical_support
19044,other
19045,customer_support
19046,customer_support
19047,other
19048,technical_support
19049,technical_support
19050,customer_support
19051,other
19052,customer_support
19053,other
19054,technical_support
19055,technical_support
19056,other
19057,customer_support
19058,technical_support
19059,technical_support
19060,other
19061,other
19062,technical_support
19063,other
19064,customer_support
19065,technical_support
19066,customer_support
19067,technical_support
19068,other
19069,technical_support
19070,other
19071,other
19072,other
19073,technical_support
19074,technical_support
19075,other
19076,customer_support
19077,other
19078,technical_support
19079,technical_support
19080,technical_support
19081,technical_support
19082,customer_support
19083,other
19084,customer_support
19085,customer_support
19086,customer_support
19087,other
19088,other
19089,other
19090,technical_support
19091,technical_support
19092,customer_support
19093,other
19094,technical_support
19095,other
19096,other
19097,other
19098,customer_support
19099,other
19100,other
19101,other
19102,other
19103,customer_support
19104,customer_support
19105,technical_support
19106,customer_support
19107,technical_support
19108,other
19109,other
19110,technical_support
19111,customer_support
19112,other
19113,technical_support
19114,technical_support
19115,technical_support
19116,customer_support
19117,other
19118,customer_support
19119,other
19120,customer_support
19121,customer_support
19122,other
19123,technical_support
19124,customer_support
19125,other
19126,other
19127,technical_support
19128,technical_support
19129,technical_support
19130,customer_support
19131,other
19132,customer_support
19133,customer_support
19134,technical_support
19135,other
19136,other
19137,other
19138,customer_support
19139,technical_support
19140,customer_support
19141,customer_support
19142,technical_support
19143,other
19144,technical_support
19145,technical_support
19146,technical_support
19147,customer_support
19148,other
19149,technical_support
19150,customer_support
19151,technical_support
19152,customer_support
19153,customer_support
19154,other
19155,other
19156,technical_support
19157,technical_support
19158,other
19159,other
19160,customer_support
19161,customer_support
19162,technical_support
19163,other
19164,other
19165,customer_support
19166,technical_support
19167,other
19168,other
19169,technical_support
19170,technical_support
19171,customer_support
19172,customer_support
19173,technical_support
19174,technical_support
19175,technical_support
19176,other
19177,customer_support
19178,other
19179,customer_support
19180,customer_support
19181,technical_support
19182,technical_support
19183,customer_support
19184,customer_support
19185,technical_support
19186,other
19187,technical_support
19188,other
19189,technical_support
19190,technical_support
19191,customer_support
19192,other
19193,technical_support
19194,technical_support
19195,technical_support
19196,other
19197,customer_support
19198,technical_support
19199,technical_support
19200,technical_support
19201,other
19202,technical_support
19203,customer_support
19204,technical_support
19205,technical_support
19206,technical_support
19207,technical_support
19208,customer_support
19209,customer_support
19210,customer_support
19211,technical_support
19212,other
19213,technical_support
19214,customer_support
19215,other
19216,other
19217,technical_support
19218,customer_support
19219,technical_support
19220,technical_support
19221,other
19222,technical_support
19223,technical_support
19224,customer_support
19225,technical_support
19226,other
19227,technical_support
19228,other
19229,customer_support
19230,technical_support
19231,customer_support
19232,other
19233,technical_support
19234,technical_support
19235,customer_support
19236,other
19237,customer_support
19238,technical_support
19239,other
19240,other
19241,other
19242,technical_support
19243,technical_support
19244,other
19245,technical_support
19246,customer_support
19247,other
19248,technical_support
19249,technical_support
19250,customer_support
19251,other
19252,other
19253,technical_support
19254,other
19255,other
19256,customer_support
19257,other
19258,customer_support
19259,other
19260,technical_support
19261,other
19262,technical_support
19263,other
19264,customer_support
19265,other
19266,technical_support
19267,other
19268,customer_support
19269,technical_support
19270,customer_support
19271,customer_support
19272,technical_support
19273,customer_support
19274,technical_support
19275,technical_support
19276,technical_support
19277,technical_support
19278,customer_support
19279,other
19280,technical_support
19281,technical_support
19282,other
19283,customer_support
19284,customer_support
19285,other
19286,technical_support
19287,customer_support
19288,technical_support
19289,technical_support
19290,customer_support
19291,technical_support
19292,customer_support
19293,customer_support
19294,technical_support
19295,other
19296,technical_support
19297,other
19298,customer_support
19299,customer_support
19300,technical_support
19301,customer_support
19302,customer_support
19303,other
19304,technical_support
19305,customer_support
19306,technical_support
19307,technical_support
19308,customer_support
19309,technical_support
19310,customer_support
19311,other
19312,other
19313,customer_support
19314,other
19315,technical_support
19316,technical_support
19317,customer_support
19318,other
19319,customer_support
19320,customer_support
19321,technical_support
19322,other
19323,technical_support
19324,customer_support
19325,customer_support
19326,customer_support
19327,customer_support
19328,customer_support
19329,other
19330,other
19331,technical_support
19332,customer_support
19333,other
19334,technical_support
19335,technical_support
19336,customer_support
19337,customer_support
19338,customer_support
19339,technical_support
19340,other
19341,customer_support
19342,technical_support
19343,technical_support
19344,other
19345,other
19346,other
19347,customer_support
19348,customer_support
19349,other
19350,technical_support
19351,other
19352,other
19353,customer_support
19354,customer_support
19355,other
19356,other
19357,other
19358,technical_support
19359,customer_support
19360,other
19361,other
19362,customer_support
19363,technical_support
19364,other
19365,technical_support
19366,other
19367,customer_support
19368,technical_support
19369,technical_support
19370,technical_support
19371,other
19372,other
19373,customer_support
19374,customer_support
19375,technical_support
19376,technical_support
19377,other
19378,technical_support
19379,customer_support
19380,customer_support
19381,other
19382,other
19383,customer_support
19384,customer_support
19385,customer_support
19386,other
19387,other
19388,other
19389,customer_support
19390,customer_support
19391,other
19392,other
19393,technical_support
19394,technical_support
19395,customer_support
19396,customer_support
19397,technical_support
19398,other
19399,technical_support
19400,other
19401,technical_support
19402,other
19403,customer_support
19404,technical_support
19405,customer_support
19406,other
19407,customer_support
19408,technical_support
19409,other
19410,other
19411,customer_support
19412,other
19413,customer_support
19414,customer_support
19415,customer_support
19416,technical_support
19417,technical_support
19418,other
19419,other
19420,customer_support
19421,other
19422,customer_support
19423,other
19424,customer_support
19425,customer_support
19426,technical_support
19427,other
19428,other
19429,other
19430,technical_support
19431,other
19432,technical_support
19433,customer_support
19434,customer_support
19435,customer_support
19436,customer_support
19437,customer_support
19438,customer_support
19439,customer_support
19440,technical_support
19441,other
19442,customer_support
19443,other
19444,other
19445,customer_support
19446,customer_support
19447,technical_support
19448,technical_support
19449,other
19450,other
19451,customer_support
19452,other
19453,technical_support
19454,customer_support
19455,other
19456,other
19457,technical_support
19458,customer_support
19459,other
19460,technical_support
19461,customer_support
19462,technical_support
19463,other
19464,technical_support
19465,customer_support
19466,other
19467,technical_support
19468,technical_support
19469,other
19470,customer_support
19471,other
19472,other
19473,customer_support
19474,technical_support
19475,technical_support
19476,customer_support
19477,customer_support
19478,technical_support
19479,technical_support
19480,customer_support
19481,customer_support
19482,other
19483,other
19484,customer_support
19485,technical_support
19486,other
19487,other
19488,customer_support
19489,other
19490,customer_support
19491,other
19492,other
19493,technical_support
19494,other
19495,other
19496,customer_support
19497,other
19498,technical_support
19499,other
19500,technical_support
19501,other
19502,other
19503,customer_support
19504,technical_support
19505,technical_support
19506,other
19507,other
19508,technical_support
19509,other
19510,technical_support
19511,other
19512,technical_support
19513,technical_support
19514,customer_support
19515,technical_support
19516,customer_support
19517,technical_support
19518,other
19519,customer_support
19520,other
19521,technical_support
19522,technical_support
19523,other
19524,technical_support
19525,technical_support
19526,other
19527,customer_support
19528,other
19529,other
19530,technical_support
19531,technical_support
19532,technical_support
19533,other
19534,technical_support
19535,technical_support
19536,technical_support
19537,technical_support
19538,other
19539,customer_support
19540,other
19541,technical_support
19542,other
19543,technical_support
19544,technical_support
19545,technical_support
19546,other
19547,technical_support
19548,technical_support
19549,other
19550,other
19551,other
19552,customer_support
19553,customer_support
19554,other
19555,other
19556,customer_support
19557,technical_support
19558,other
19559,customer_support
19560,technical_support
19561,other
19562,customer_support
19563,other
19564,other
19565,customer_support
19566,other
19567,technical_support
19568,technical_support
19569,customer_support
19570,technical_support
19571,technical_support
19572,other
19573,other
19574,technical_support
19575,other
19576,other
19577,other
19578,technical_support
19579,other
19580,technical_support
19581,other
19582,other
19583,other
19584,customer_support
19585,other
19586,other
19587,technical_support
19588,customer_support
19589,technical_support
19590,technical_support
19591,customer_support
19592,other
19593,technical_support
19594,technical_support
19595,technical_support
19596,customer_support
19597,other
19598,other
19599,other
19600,other
19601,other
19602,other
19603,customer_support
19604,other
19605,technical_support
19606,other
19607,technical_support
19608,customer_support
19609,customer_support
19610,other
19611,customer_support
19612,customer_support
19613,other
19614,other
19615,other
19616,other
19617,technical_support
19618,customer_support
19619,technical_support
19620,customer_support
19621,technical_support
19622,technical_support
19623,technical_support
19624,technical_support
19625,other
19626,other
19627,customer_support
19628,technical_support
19629,customer_support
19630,customer_support
19631,customer_support
19632,technical_support
19633,technical_support
19634,other
19635,technical_support
19636,other
19637,technical_support
19638,other
19639,technical_support
19640,customer_support
19641,technical_support
19642,customer_support
19643,other
19644,customer_support
19645,technical_support
19646,technical_support
19647,customer_support
19648,technical_support
19649,customer_support
19650,technical_support
19651,other
19652,technical_support
19653,technical_support
19654,customer_support
19655,other
19656,customer_support
19657,technical_support
19658,technical_support
19659,technical_support
19660,other
19661,other
19662,other
19663,customer_support
19664,other
19665,other
19666,other
19667,customer_support
19668,customer_support
19669,customer_support
19670,technical_support
19671,technical_support
19672,customer_support
19673,technical_support
19674,technical_support
19675,customer_support
19676,other
19677,technical_support
19678,other
19679,customer_support
19680,technical_support
19681,technical_support
19682,other
19683,technical_support
19684,customer_support
19685,customer_support
19686,technical_support
19687,customer_support
19688,other
19689,customer_support
19690,technical_support
19691,other
19692,other
19693,technical_support
19694,technical_support
19695,technical_support
19696,other
19697,customer_support
19698,customer_support
19699,customer_support
19700,other
19701,technical_support
19702,customer_support
19703,customer_support
19704,technical_support
19705,other
19706,technical_support
19707,customer_support
19708,technical_support
19709,other
19710,other
19711,technical_support
19712,customer_support
19713,technical_support
19714,other
19715,other
19716,technical_support
19717,customer_support
19718,technical_support
19719,technical_support
19720,other
19721,customer_support
19722,other
19723,customer_support
19724,technical_support
19725,customer_support
19726,technical_support
19727,other
19728,other
19729,other
19730,technical_support
19731,customer_support
19732,technical_support
19733,other
19734,technical_support
19735,technical_support
19736,customer_support
19737,customer_support
19738,customer_support
19739,customer_support
19740,technical_support
19741,other
19742,customer_support
19743,technical_support
19744,customer_support
19745,customer_support
19746,technical_support
19747,technical_support
19748,technical_support
19749,other
19750,other
19751,customer_support
19752,other
19753,customer_support
19754,other
19755,technical_support
19756,customer_support
19757,customer_support
19758,other
19759,other
19760,technical_support
19761,technical_support
19762,customer_support
19763,customer_support
19764,other
19765,customer_support
19766,customer_support
19767,customer_support
19768,other
19769,technical_support
19770,customer_support
19771,other
19772,technical_support
19773,technical_support
19774,other
19775,customer_support
19776,other
19777,other
19778,other
19779,technical_support
19780,technical_support
19781,technical_support
19782,customer_support
19783,other
19784,customer_support
19785,other
19786,customer_support
19787,customer_support
19788,customer_support
19789,other
19790,customer_support
19791,customer_support
19792,customer_support
19793,customer_support
19794,other
19795,customer_support
19796,customer_support
19797,technical_support
19798,customer_support
19799,customer_support
19800,technical_support
19801,technical_support
19802,customer_support
19803,technical_support
19804,customer_support
19805,other
19806,technical_support
19807,other
19808,technical_support
19809,technical_support
19810,technical_support
19811,customer_support
19812,other
19813,customer_support
19814,customer_support
19815,technical_support
19816,technical_support
19817,technical_support
19818,other
19819,other
19820,other
19821,technical_support
19822,customer_support
19823,technical_support
19824,customer_support
19825,customer_support
19826,other
19827,customer_support
19828,other
19829,customer_support
19830,other
19831,customer_support
19832,other
19833,other
19834,technical_support
19835,other
19836,other
19837,other
19838,other
19839,other
19840,customer_support
19841,customer_support
19842,customer_support
19843,other
19844,other
19845,other
19846,technical_support
19847,customer_support
19848,other
19849,technical_support
19850,customer_support
19851,customer_support
19852,customer_support
19853,technical_support
19854,customer_support
19855,other
19856,other
19857,other
19858,technical_support
19859,technical_support
19860,other
19861,other
19862,other
19863,customer_support
19864,other
19865,technical_support
19866,customer_support
19867,customer_support
19868,customer_support
19869,other
19870,other
19871,technical_support
19872,other
19873,customer_support
19874,customer_support
19875,other
19876,technical_support
19877,technical_support
19878,other
19879,technical_support
19880,technical_support
19881,other
19882,customer_support
19883,customer_support
19884,technical_support
19885,other
19886,customer_support
19887,other
19888,technical_support
19889,other
19890,customer_support
19891,customer_support
19892,customer_support
19893,other
19894,technical_support
19895,other
19896,other
19897,technical_support
19898,technical_support
19899,customer_support
19900,technical_support
19901,customer_support
19902,technical_support
19903,customer_support
19904,other
19905,other
19906,technical_support
19907,technical_support
19908,other
19909,other
19910,customer_support
19911,customer_support
19912,technical_support
19913,technical_support
19914,technical_support
19915,customer_support
19916,customer_support
19917,other
19918,technical_support
19919,technical_support
19920,other
19921,other
19922,technical_support
19923,technical_support
19924,customer_support
19925,other
19926,customer_support
19927,technical_support
19928,technical_support
19929,customer_support
19930,other
19931,customer_support
19932,customer_support
19933,customer_support
19934,other
19935,other
19936,technical_support
19937,technical_support
19938,other
19939,customer_support
19940,other
19941,customer_support
19942,other
19943,other
19944,technical_support
19945,technical_support
19946,other
19947,customer_support
19948,technical_support
19949,technical_support
19950,customer_support
19951,technical_support
19952,technical_support
19953,other
19954,customer_support
19955,customer_support
19956,technical_support
19957,other
19958,customer_support
19959,customer_support
19960,customer_support
19961,technical_support
19962,customer_support
19963,other
19964,technical_support
19965,other
19966,customer_support
19967,customer_support
19968,other
19969,technical_support
19970,customer_support
19971,technical_support
19972,other
19973,technical_support
19974,customer_support
19975,technical_support
19976,customer_support
19977,other
19978,technical_support
19979,other
19980,customer_support
19981,technical_support
19982,customer_support
19983,other
19984,other
19985,technical_support
19986,customer_support
19987,customer_support
19988,customer_support
19989,customer_support
19990,technical_support
19991,other
19992,other
19993,customer_support
19994,technical_support
19995,other
19996,technical_support
19997,other
19998,customer_support
19999,customer_support
20000,customer_support
20001,customer_support
20002,customer_support
20003,other
20004,other
20005,technical_support
20006,other
20007,customer_support
20008,technical_support
20009,technical_support
20010,other
20011,technical_support
20012,other
20013,technical_support
20014,other
20015,customer_support
20016,technical_support
20017,other
20018,technical_support
20019,other
20020,technical_support
20021,technical_support
20022,technical_support
20023,technical_support
20024,other
20025,other
20026,customer_support
20027,technical_support
20028,technical_support
20029,other
20030,other
20031,other
20032,technical_support
20033,technical_support
20034,technical_support
20035,customer_support
20036,technical_support
20037,technical_support
20038,technical_support
20039,other
20040,customer_support
20041,customer_support
20042,other
20043,customer_support
20044,customer_support
20045,technical_support
20046,technical_support
20047,customer_support
20048,technical_support
20049,other
20050,customer_support
20051,other
20052,customer_support
20053,other
20054,technical_support
20055,technical_support
20056,technical_support
20057,customer_support
20058,technical_support
20059,customer_support
20060,technical_support
20061,technical_support
20062,other
20063,customer_support
20064,other
20065,customer_support
20066,customer_support
20067,technical_support
20068,technical_support
20069,customer_support
20070,other
20071,technical_support
20072,customer_support
20073,technical_support
20074,other
20075,other
20076,other
20077,other
20078,other
20079,customer_support
20080,customer_support
20081,technical_support
20082,customer_support
20083,technical_support
20084,other
20085,customer_support
20086,other
20087,other
20088,customer_support
20089,technical_support
20090,other
20091,technical_support
20092,technical_support
20093,customer_support
20094,customer_support
20095,other
20096,other
20097,customer_support
20098,technical_support
20099,other
20100,technical_support
20101,technical_support
20102,customer_support
20103,technical_support
20104,technical_support
20105,other
20106,other
20107,other
20108,technical_support
20109,customer_support
20110,other
20111,customer_support
20112,technical_support
20113,other
20114,technical_support
20115,other
20116,technical_support
20117,technical_support
20118,technical_support
20119,technical_support
20120,customer_support
20121,customer_support
20122,technical_support
20123,technical_support
20124,customer_support
20125,customer_support
20126,customer_support
20127,customer_support
20128,other
20129,technical_support
20130,technical_support
20131,customer_support
20132,customer_support
20133,technical_support
20134,customer_support
20135,technical_support
20136,other
20137,technical_support
20138,technical_support
20139,technical_support
20140,customer_support
20141,customer_support
20142,technical_support
20143,other
20144,other
20145,technical_support
20146,other
20147,customer_support
20148,technical_support
20149,technical_support
20150,customer_support
20151,technical_support
20152,other
20153,technical_support
20154,customer_support
20155,customer_support
20156,technical_support
20157,customer_support
20158,technical_support
20159,customer_support
20160,customer_support
20161,other
20162,technical_support
20163,technical_support
20164,customer_support
20165,technical_support
20166,other
20167,other
20168,customer_support
20169,other
20170,customer_support
20171,customer_support
20172,other
20173,customer_support
20174,technical_support
20175,technical_support
20176,customer_support
20177,other
20178,other
20179,other
20180,other
20181,technical_support
20182,technical_support
20183,other
20184,customer_support
20185,technical_support
20186,customer_support
20187,other
20188,customer_support
20189,customer_support
20190,other
20191,other
20192,technical_support
20193,other
20194,other
20195,other
20196,other
20197,other
20198,customer_support
20199,other
20200,other
20201,technical_support
20202,customer_support
20203,other
20204,other
20205,other
20206,technical_support
20207,customer_support
20208,customer_support
20209,technical_support
20210,customer_support
20211,other
20212,customer_support
20213,customer_support
20214,other
20215,other
20216,customer_support
20217,other
20218,technical_support
20219,other
20220,technical_support
20221,technical_support
20222,other
20223,other
20224,technical_support
20225,other
20226,customer_support
20227,other
20228,other
20229,other
20230,other
20231,customer_support
20232,customer_support
20233,other
20234,other
20235,customer_support
20236,other
20237,customer_support
20238,technical_support
20239,technical_support
20240,technical_support
20241,technical_support
20242,other
20243,customer_support
20244,customer_support
20245,customer_support
20246,customer_support
20247,technical_support
20248,customer_support
20249,technical_support
20250,other
20251,other
20252,other
20253,other
20254,other
20255,technical_support
20256,other
20257,customer_support
20258,other
20259,technical_support
20260,other
20261,customer_support
20262,customer_support
20263,customer_support
20264,technical_support
20265,technical_support
20266,customer_support
20267,technical_support
20268,customer_support
20269,other
20270,customer_support
20271,other
20272,customer_support
20273,customer_support
20274,technical_support
20275,technical_support
20276,customer_support
20277,technical_support
20278,other
20279,customer_support
20280,customer_support
20281,other
20282,technical_support
20283,other
20284,customer_support
20285,customer_support
20286,technical_support
20287,other
20288,technical_support
20289,technical_support
20290,technical_support
20291,technical_support
20292,customer_support
20293,technical_support
20294,other
20295,customer_support
20296,technical_support
20297,customer_support
20298,technical_support
20299,technical_support
20300,technical_support
20301,technical_support
20302,other
20303,customer_support
20304,other
20305,other
20306,other
20307,technical_support
20308,customer_support
20309,technical_support
20310,technical_support
20311,other
20312,customer_support
20313,technical_support
20314,technical_support
20315,customer_support
20316,customer_support
20317,customer_support
20318,other
20319,other
20320,other
20321,other
20322,customer_support
20323,technical_support
20324,other
20325,customer_support
20326,technical_support
20327,other
20328,other
20329,technical_support
20330,technical_support
20331,technical_support
20332,technical_support
20333,technical_support
20334,customer_support
20335,technical_support
20336,technical_support
20337,technical_support
20338,customer_support
20339,customer_support
20340,other
20341,technical_support
20342,customer_support
20343,technical_support
20344,technical_support
20345,customer_support
20346,other
20347,other
20348,other
20349,technical_support
20350,other
20351,customer_support
20352,customer_support
20353,customer_support
20354,customer_support
20355,technical_support
20356,technical_support
20357,other
20358,customer_support
20359,technical_support
20360,customer_support
20361,technical_support
20362,other
20363,other
20364,technical_support
20365,customer_support
20366,technical_support
20367,customer_support
20368,technical_support
20369,other
20370,technical_support
20371,customer_support
20372,other
20373,technical_support
20374,other
20375,customer_support
20376,technical_support
20377,other
20378,customer_support
20379,technical_support
20380,customer_support
20381,other
20382,other
20383,other
20384,customer_support
20385,customer_support
20386,customer_support
20387,technical_support
20388,other
20389,technical_support
20390,other
20391,technical_support
20392,technical_support
20393,other
20394,other
20395,customer_support
20396,other
20397,other
20398,other
20399,customer_support
20400,customer_support
20401,other
20402,other
20403,other
20404,other
20405,other
20406,customer_support
20407,other
20408,customer_support
20409,technical_support
20410,customer_support
20411,customer_support
20412,customer_support
20413,technical_support
20414,customer_support
20415,technical_support
20416,customer_support
20417,technical_support
20418,customer_support
20419,customer_support
20420,other
20421,technical_support
20422,customer_support
20423,technical_support
20424,customer_support
20425,customer_support
20426,customer_support
20427,customer_support
20428,technical_support
20429,other
20430,customer_support
20431,technical_support
20432,customer_support
20433,customer_support
20434,other
20435,technical_support
20436,other
20437,customer_support
20438,other
20439,technical_support
20440,technical_support
20441,customer_support
20442,technical_support
20443,other
20444,other
20445,technical_support
20446,other
20447,other
20448,other
20449,customer_support
20450,customer_support
20451,other
20452,customer_support
20453,technical_support
20454,other
20455,other
20456,technical_support
20457,customer_support
20458,customer_support
20459,technical_support
20460,customer_support
20461,technical_support
20462,technical_support
20463,customer_support
20464,customer_support
20465,technical_support
20466,other
20467,customer_support
20468,customer_support
20469,customer_support
20470,other
20471,technical_support
20472,customer_support
20473,other
20474,customer_support
20475,technical_support
20476,other
20477,customer_support
20478,other
20479,technical_support
20480,customer_support
20481,customer_support
20482,other
20483,customer_support
20484,technical_support
20485,other
20486,technical_support
20487,other
20488,other
20489,customer_support
20490,other
20491,other
20492,technical_support
20493,technical_support
20494,customer_support
20495,technical_support
20496,customer_support
20497,other
20498,technical_support
20499,other
20500,technical_support
20501,other
20502,technical_support
20503,other
20504,other
20505,other
20506,customer_support
20507,customer_support
20508,technical_support
20509,technical_support
20510,technical_support
20511,other
20512,technical_support
20513,customer_support
20514,customer_support
20515,customer_support
20516,technical_support
20517,customer_support
20518,other
20519,other
20520,other
20521,other
20522,technical_support
20523,technical_support
20524,customer_support
20525,customer_support
20526,technical_support
20527,technical_support
20528,customer_support
20529,customer_support
20530,customer_support
20531,customer_support
20532,other
20533,other
20534,technical_support
20535,customer_support
20536,technical_support
20537,customer_support
20538,technical_support
20539,other
20540,technical_support
20541,customer_support
20542,other
20543,other
20544,other
20545,customer_support
20546,other
20547,technical_support
20548,technical_support
20549,other
20550,technical_support
20551,customer_support
20552,other
20553,technical_support
20554,technical_support
20555,technical_support
20556,other
20557,customer_support
20558,technical_support
20559,technical_support
20560,technical_support
20561,technical_support
20562,customer_support
20563,technical_support
20564,technical_support
20565,technical_support
20566,technical_support
20567,technical_support
20568,technical_support
20569,other
20570,technical_support
20571,technical_support
20572,customer_support
20573,other
20574,other
20575,customer_support
20576,other
20577,technical_support
20578,technical_support
20579,customer_support
20580,customer_support
20581,customer_support
20582,other
20583,technical_support
20584,technical_support
20585,technical_support
20586,customer_support
20587,other
20588,technical_support
20589,customer_support
20590,other
20591,technical_support
20592,technical_support
20593,customer_support
20594,technical_support
20595,customer_support
20596,technical_support
20597,customer_support
20598,customer_support
20599,customer_support
20600,technical_support
20601,other
20602,technical_support
20603,customer_support
20604,technical_support
20605,technical_support
20606,other
20607,other
20608,other
20609,other
20610,other
20611,technical_support
20612,customer_support
20613,technical_support
20614,technical_support
20615,technical_support
20616,technical_support
20617,technical_support
20618,other
20619,other
20620,technical_support
20621,customer_support
20622,technical_support
20623,technical_support
20624,customer_support
20625,other
20626,technical_support
20627,customer_support
20628,customer_support
20629,technical_support
20630,customer_support
20631,technical_support
20632,customer_support
20633,other
20634,technical_support
20635,technical_support
20636,customer_support
20637,other
20638,customer_support
20639,customer_support
20640,other
20641,other
20642,technical_support
20643,technical_support
20644,customer_support
20645,technical_support
20646,technical_support
20647,customer_support
20648,customer_support
20649,technical_support
20650,technical_support
20651,customer_support
20652,customer_support
20653,customer_support
20654,customer_support
20655,technical_support
20656,technical_support
20657,technical_support
20658,other
20659,other
20660,customer_support
20661,other
20662,customer_support
20663,technical_support
20664,other
20665,other
20666,other
20667,technical_support
20668,other
20669,technical_support
20670,technical_support
20671,technical_support
20672,customer_support
20673,other
20674,customer_support
20675,customer_support
20676,customer_support
20677,other
20678,technical_support
20679,technical_support
20680,other
20681,technical_support
20682,technical_support
20683,customer_support
20684,customer_support
20685,other
20686,customer_support
20687,other
20688,customer_support
20689,customer_support
20690,customer_support
20691,other
20692,technical_support
20693,other
20694,technical_support
20695,customer_support
20696,customer_support
20697,customer_support
20698,customer_support
20699,other
20700,technical_support
20701,other
20702,other
20703,customer_support
20704,technical_support
20705,technical_support
20706,other
20707,other
20708,other
20709,customer_support
20710,customer_support
20711,technical_support
20712,technical_support
20713,technical_support
20714,customer_support
20715,other
20716,other
20717,technical_support
20718,other
20719,technical_support
20720,technical_support
20721,customer_support
20722,technical_support
20723,other
20724,customer_support
20725,technical_support
20726,technical_support
20727,technical_support
20728,technical_support
20729,other
20730,other
20731,technical_support
20732,other
20733,technical_support
20734,other
20735,customer_support
20736,customer_support
20737,technical_support
20738,customer_support
20739,customer_support
20740,technical_support
20741,other
20742,other
20743,technical_support
20744,customer_support
20745,technical_support
20746,other
20747,other
20748,other
20749,other
20750,technical_support
20751,technical_support
20752,other
20753,customer_support
20754,customer_support
20755,other
20756,technical_support
20757,customer_support
20758,customer_support
20759,customer_support
20760,technical_support
20761,technical_support
20762,technical_support
20763,technical_support
20764,technical_support
20765,other
20766,technical_support
20767,customer_support
20768,other
20769,customer_support
20770,customer_support
20771,other
20772,other
20773,technical_support
20774,customer_support
20775,customer_support
20776,customer_support
20777,other
20778,customer_support
20779,technical_support
20780,other
20781,customer_support
20782,technical_support
20783,other
20784,customer_support
20785,technical_support
20786,customer_support
20787,customer_support
20788,other
20789,customer_support
20790,technical_support
20791,customer_support
20792,other
20793,technical_support
20794,other
20795,other
20796,technical_support
20797,technical_support
20798,technical_support
20799,other
20800,technical_support
20801,customer_support
20802,technical_support
20803,customer_support
20804,other
20805,other
20806,other
20807,other
20808,technical_support
20809,technical_support
20810,other
20811,other
20812,other
20813,technical_support
20814,customer_support
20815,technical_support
20816,customer_support
20817,other
20818,technical_support
20819,technical_support
20820,technical_support
20821,other
20822,customer_support
20823,other
20824,customer_support
20825,customer_support
20826,technical_support
20827,technical_support
20828,customer_support
20829,technical_support
20830,other
20831,other
20832,customer_support
20833,technical_support
20834,other
20835,other
20836,customer_support
20837,technical_support
20838,customer_support
20839,customer_support
20840,technical_support
20841,technical_support
20842,customer_support
20843,other
20844,technical_support
20845,customer_support
20846,customer_support
20847,other
20848,technical_support
20849,customer_support
20850,customer_support
20851,customer_support
20852,customer_support
20853,customer_support
20854,technical_support
20855,other
20856,customer_support
20857,customer_support
20858,technical_support
20859,technical_support
20860,customer_support
20861,technical_support
20862,other
20863,technical_support
20864,technical_support
20865,other
20866,customer_support
20867,technical_support
20868,other
20869,other
20870,other
20871,other
20872,other
20873,other
20874,other
20875,customer_support
20876,customer_support
20877,customer_support
20878,technical_support
20879,other
20880,customer_support
20881,customer_support
20882,technical_support
20883,technical_support
20884,customer_support
20885,technical_support
20886,customer_support
20887,technical_support
20888,technical_support
20889,customer_support
20890,technical_support
20891,technical_support
20892,other
20893,technical_support
20894,customer_support
20895,technical_support
20896,customer_support
20897,other
20898,customer_support
20899,technical_support
20900,technical_support
20901,customer_support
20902,other
20903,customer_support
20904,technical_support
20905,technical_support
20906,technical_support
20907,other
20908,other
20909,technical_support
20910,technical_support
20911,technical_support
20912,technical_support
20913,other
20914,other
20915,other
20916,other
20917,other
20918,other
20919,customer_support
20920,customer_support
20921,customer_support
20922,customer_support
20923,other
20924,other
20925,customer_support
20926,other
20927,other
20928,customer_support
20929,technical_support
20930,customer_support
20931,customer_support
20932,technical_support
20933,other
20934,other
20935,other
20936,other
20937,customer_support
20938,technical_support
20939,other
20940,other
20941,technical_support
20942,technical_support
20943,customer_support
20944,customer_support
20945,technical_support
20946,customer_support
20947,other
20948,customer_support
20949,technical_support
20950,technical_support
20951,technical_support
20952,technical_support
20953,other
20954,customer_support
20955,customer_support
20956,technical_support
20957,other
20958,technical_support
20959,other
20960,other
20961,customer_support
20962,other
20963,other
20964,technical_support
20965,other
20966,technical_support
20967,customer_support
20968,customer_support
20969,other
20970,other
20971,technical_support
20972,technical_support
20973,other
20974,other
20975,other
20976,other
20977,customer_support
20978,technical_support
20979,technical_support
20980,other
20981,other
20982,other
20983,other
20984,customer_support
20985,other
20986,technical_support
20987,customer_support
20988,technical_support
20989,other
20990,technical_support
20991,technical_support
20992,technical_support
20993,other
20994,other
20995,other
20996,technical_support
20997,technical_support
20998,other
20999,technical_support
21000,customer_support
21001,customer_support
21002,customer_support
21003,other
21004,other
21005,technical_support
21006,technical_support
21007,customer_support
21008,other
21009,technical_support
21010,customer_support
21011,other
21012,customer_support
21013,customer_support
21014,other
21015,technical_support
21016,customer_support
21017,other
21018,other
21019,technical_support
21020,customer_support
21021,other
21022,other
21023,other
21024,customer_support
21025,customer_support
21026,other
21027,customer_support
21028,other
21029,other
21030,other
21031,customer_support
21032,customer_support
21033,customer_support
21034,technical_support
21035,customer_support
21036,technical_support
21037,technical_support
21038,customer_support
21039,technical_support
21040,customer_support
21041,customer_support
21042,customer_support
21043,customer_support
21044,other
21045,customer_support
21046,customer_support
21047,other
21048,customer_support
21049,customer_support
21050,other
21051,other
21052,customer_support
21053,customer_support
21054,customer_support
21055,other
21056,technical_support
21057,other
21058,customer_support
21059,customer_support
21060,customer_support
21061,other
21062,technical_support
21063,customer_support
21064,technical_support
21065,other
21066,other
21067,other
21068,technical_support
21069,other
21070,customer_support
21071,other
21072,other
21073,customer_support
21074,customer_support
21075,technical_support
21076,other
21077,other
21078,customer_support
21079,technical_support
21080,technical_support
21081,technical_support
21082,customer_support
21083,customer_support
21084,technical_support
21085,technical_support
21086,technical_support
21087,customer_support
21088,technical_support
21089,customer_support
21090,technical_support
21091,technical_support
21092,customer_support
21093,other
21094,customer_support
21095,other
21096,technical_support
21097,other
21098,other
21099,technical_support
21100,customer_support
21101,other
21102,technical_support
21103,other
21104,customer_support
21105,other
21106,technical_support
21107,technical_support
21108,technical_support
21109,customer_support
21110,other
21111,technical_support
21112,technical_support
21113,other
21114,other
21115,customer_support
21116,customer_support
21117,technical_support
21118,technical_support
21119,customer_support
21120,other
21121,technical_support
21122,customer_support
21123,customer_support
21124,other
21125,technical_support
21126,customer_support
21127,customer_support
21128,customer_support
21129,technical_support
21130,other
21131,customer_support
21132,other
21133,other
21134,other
21135,customer_support
21136,customer_support
21137,technical_support
21138,technical_support
21139,technical_support
21140,customer_support
21141,customer_support
21142,customer_support
21143,technical_support
21144,other
21145,other
21146,technical_support
21147,other
21148,customer_support
21149,customer_support
21150,technical_support
21151,other
21152,customer_support
21153,technical_support
21154,customer_support
21155,technical_support
21156,technical_support
21157,customer_support
21158,other
21159,customer_support
21160,other
21161,technical_support
21162,technical_support
21163,other
21164,other
21165,other
21166,technical_support
21167,customer_support
21168,customer_support
21169,customer_support
21170,other
21171,customer_support
21172,customer_support
21173,other
21174,customer_support
21175,other
21176,other
21177,technical_support
21178,other
21179,technical_support
21180,other
21181,other
21182,customer_support
21183,technical_support
21184,other
21185,customer_support
21186,customer_support
21187,customer_support
21188,technical_support
21189,other
21190,other
21191,other
21192,technical_support
21193,other
21194,technical_support
21195,technical_support
21196,customer_support
21197,customer_support
21198,other
21199,other
21200,technical_support
21201,technical_support
21202,other
21203,customer_support
21204,customer_support
21205,other
21206,technical_support
21207,other
21208,technical_support
21209,technical_support
21210,technical_support
21211,technical_support
21212,other
21213,technical_support
21214,technical_support
21215,other
21216,other
21217,other
21218,other
21219,customer_support
21220,technical_support
21221,other
21222,customer_support
21223,customer_support
21224,technical_support
21225,technical_support
21226,customer_support
21227,other
21228,other
21229,technical_support
21230,technical_support
21231,customer_support
21232,customer_support
21233,technical_support
21234,other
21235,customer_support
21236,other
21237,technical_support
21238,customer_support
21239,technical_support
21240,technical_support
21241,technical_support
21242,customer_support
21243,technical_support
21244,other
21245,customer_support
21246,other
21247,technical_support
21248,customer_support
21249,other
21250,customer_support
21251,customer_support
21252,technical_support
21253,customer_support
21254,customer_support
21255,other
21256,other
21257,customer_support
21258,technical_support
21259,technical_support
21260,technical_support
21261,other
21262,other
21263,technical_support
21264,customer_support
21265,technical_support
21266,customer_support
21267,technical_support
21268,technical_support
21269,customer_support
21270,other
21271,other
21272,technical_support
21273,technical_support
21274,other
21275,customer_support
21276,technical_support
21277,technical_support
21278,other
21279,other
21280,customer_support
21281,technical_support
21282,other
21283,technical_support
21284,technical_support
21285,technical_support
21286,customer_support
21287,technical_support
21288,customer_support
21289,technical_support
21290,other
21291,other
21292,other
21293,other
21294,technical_support
21295,customer_support
21296,other
21297,customer_support
21298,other
21299,technical_support
21300,technical_support
21301,other
21302,other
21303,technical_support
21304,technical_support
21305,technical_support
21306,customer_support
21307,other
21308,technical_support
21309,other
21310,customer_support
21311,technical_support
21312,other
21313,other
21314,customer_support
21315,other
21316,customer_support
21317,technical_support
21318,technical_support
21319,technical_support
21320,technical_support
21321,customer_support
21322,customer_support
21323,technical_support
21324,technical_support
21325,other
21326,other
21327,other
21328,technical_support
21329,other
21330,technical_support
21331,other
21332,other
21333,other
21334,customer_support
21335,other
21336,other
21337,other
21338,other
21339,other
21340,other
21341,technical_support
21342,customer_support
21343,technical_support
21344,customer_support
21345,customer_support
21346,customer_support
21347,technical_support
21348,technical_support
21349,technical_support
21350,customer_support
21351,customer_support
21352,technical_support
21353,other
21354,customer_support
21355,other
21356,technical_support
21357,customer_support
21358,customer_support
21359,technical_support
21360,customer_support
21361,customer_support
21362,technical_support
21363,technical_support
21364,customer_support
21365,other
21366,customer_support
21367,technical_support
21368,other
21369,technical_support
21370,customer_support
21371,other
21372,other
21373,customer_support
21374,customer_support
21375,technical_support
21376,other
21377,technical_support
21378,other
21379,technical_support
21380,customer_support
21381,technical_support
21382,customer_support
21383,customer_support
21384,other
21385,other
21386,customer_support
21387,technical_support
21388,technical_support
21389,customer_support
21390,other
21391,customer_support
21392,customer_support
21393,other
21394,technical_support
21395,technical_support
21396,customer_support
21397,other
21398,other
21399,customer_support
21400,customer_support
21401,technical_support
21402,other
21403,customer_support
21404,customer_support
21405,other
21406,customer_support
21407,other
21408,technical_support
21409,other
21410,other
21411,other
21412,customer_support
21413,customer_support
21414,technical_support
21415,customer_support
21416,customer_support
21417,other
21418,other
21419,other
21420,customer_support
21421,other
21422,other
21423,technical_support
21424,other
21425,technical_support
21426,technical_support
21427,customer_support
21428,technical_support
21429,customer_support
21430,other
21431,other
21432,customer_support
21433,technical_support
21434,customer_support
21435,other
21436,customer_support
21437,customer_support
21438,customer_support
21439,customer_support
21440,customer_support
21441,other
21442,other
21443,customer_support
21444,customer_support
21445,technical_support
21446,other
21447,customer_support
21448,customer_support
21449,technical_support
21450,technical_support
21451,technical_support
21452,technical_support
21453,other
21454,customer_support
21455,customer_support
21456,technical_support
21457,technical_support
21458,other
21459,technical_support
21460,technical_support
21461,technical_support
21462,customer_support
21463,customer_support
21464,customer_support
21465,other
21466,technical_support
21467,technical_support
21468,customer_support
21469,technical_support
21470,other
21471,technical_support
21472,customer_support
21473,technical_support
21474,customer_support
21475,other
21476,customer_support
21477,technical_support
21478,other
21479,other
21480,other
21481,customer_support
21482,technical_support
21483,technical_support
21484,technical_support
21485,other
21486,technical_support
21487,customer_support
21488,customer_support
21489,customer_support
21490,customer_support
21491,other
21492,other
21493,customer_support
21494,customer_support
21495,other
21496,customer_support
21497,technical_support
21498,customer_support
21499,technical_support
21500,other
21501,other
21502,other
21503,technical_support
21504,technical_support
21505,other
21506,other
21507,customer_support
21508,technical_support
21509,customer_support
21510,customer_support
21511,customer_support
21512,customer_support
21513,customer_support
21514,technical_support
21515,other
21516,other
21517,other
21518,other
21519,other
21520,customer_support
21521,customer_support
21522,other
21523,customer_support
21524,customer_support
21525,customer_support
21526,technical_support
21527,other
21528,other
21529,customer_support
21530,customer_support
21531,customer_support
21532,technical_support
21533,technical_support
21534,other
21535,technical_support
21536,other
21537,other
21538,customer_support
21539,customer_support
21540,other
21541,customer_support
21542,other
21543,customer_support
21544,other
21545,other
21546,technical_support
21547,technical_support
21548,other
21549,customer_support
21550,customer_support
21551,customer_support
21552,customer_support
21553,technical_support
21554,customer_support
21555,other
21556,other
21557,technical_support
21558,customer_support
21559,other
21560,customer_support
21561,customer_support
21562,customer_support
21563,customer_support
21564,other
21565,technical_support
21566,customer_support
21567,customer_support
21568,customer_support
21569,other
21570,customer_support
21571,technical_support
21572,customer_support
21573,customer_support
21574,customer_support
21575,technical_support
21576,customer_support
21577,other
21578,technical_support
21579,other
21580,customer_support
21581,customer_support
21582,technical_support
21583,other
21584,technical_support
21585,customer_support
21586,technical_support
21587,customer_support
21588,technical_support
21589,other
21590,customer_support
21591,other
21592,technical_support
21593,other
21594,technical_support
21595,technical_support
21596,other
21597,customer_support
21598,other
21599,customer_support
21600,customer_support
21601,technical_support
21602,customer_support
21603,technical_support
21604,technical_support
21605,technical_support
21606,customer_support
21607,customer_support
21608,technical_support
21609,other
21610,customer_support
21611,customer_support
21612,technical_support
21613,customer_support
21614,customer_support
21615,customer_support
21616,other
21617,other
21618,other
21619,technical_support
21620,customer_support
21621,customer_support
21622,customer_support
21623,technical_support
21624,customer_support
21625,other
21626,technical_support
21627,customer_support
21628,technical_support
21629,technical_support
21630,customer_support
21631,other
21632,technical_support
21633,technical_support
21634,technical_support
21635,technical_support
21636,technical_support
21637,other
21638,other
21639,other
21640,customer_support
21641,customer_support
21642,technical_support
21643,other
21644,technical_support
21645,other
21646,other
21647,other
21648,customer_support
21649,technical_support
21650,other
21651,customer_support
21652,customer_support
21653,customer_support
21654,technical_support
21655,other
21656,technical_support
21657,other
21658,other
21659,customer_support
21660,customer_support
21661,other
21662,customer_support
21663,other
21664,technical_support
21665,technical_support
21666,technical_support
21667,customer_support
21668,other
21669,other
21670,customer_support
21671,technical_support
21672,other
21673,customer_support
21674,customer_support
21675,other
21676,other
21677,other
21678,other
21679,other
21680,other
21681,customer_support
21682,customer_support
21683,customer_support
21684,technical_support
21685,other
21686,customer_support
21687,customer_support
21688,customer_support
21689,other
21690,other
21691,customer_support
21692,other
21693,customer_support
21694,customer_support
21695,technical_support
21696,customer_support
21697,technical_support
21698,customer_support
21699,technical_support
21700,technical_support
21701,customer_support
21702,customer_support
21703,technical_support
21704,other
21705,customer_support
21706,customer_support
21707,customer_support
21708,other
21709,technical_support
21710,technical_support
21711,customer_support
21712,technical_support
21713,technical_support
21714,other
21715,other
21716,customer_support
21717,technical_support
21718,technical_support
21719,other
21720,other
21721,customer_support
21722,technical_support
21723,technical_support
21724,customer_support
21725,other
21726,customer_support
21727,other
21728,customer_support
21729,customer_support
21730,other
21731,customer_support
21732,other
21733,technical_support
21734,other
21735,other
21736,other
21737,other
21738,other
21739,customer_support
21740,other
21741,customer_support
21742,customer_support
21743,customer_support
21744,other
21745,customer_support
21746,customer_support
21747,technical_support
21748,technical_support
21749,customer_support
21750,technical_support
21751,other
21752,customer_support
21753,technical_support
21754,technical_support
21755,other
21756,customer_support
21757,other
21758,other
21759,customer_support
21760,customer_support
21761,technical_support
21762,technical_support
21763,other
21764,other
21765,other
21766,customer_support
21767,customer_support
21768,customer_support
21769,other
21770,technical_support
21771,other
21772,customer_support
21773,technical_support
21774,technical_support
21775,other
21776,customer_support
21777,customer_support
21778,customer_support
21779,other
21780,other
21781,customer_support
21782,technical_support
21783,technical_support
21784,other
21785,other
21786,other
21787,customer_support
21788,customer_support
21789,other
21790,customer_support
21791,other
21792,customer_support
21793,technical_support
21794,other
21795,technical_support
21796,other
21797,other
21798,customer_support
21799,technical_support
21800,technical_support
21801,technical_support
21802,technical_support
21803,customer_support
21804,technical_support
21805,customer_support
21806,customer_support
21807,other
21808,technical_support
21809,technical_support
21810,other
21811,technical_support
21812,technical_support
21813,technical_support
21814,customer_support
21815,customer_support
21816,technical_support
21817,technical_support
21818,customer_support
21819,customer_support
21820,technical_support
21821,other
21822,technical_support
21823,technical_support
21824,technical_support
21825,other
21826,customer_support
21827,technical_support
21828,technical_support
21829,other
21830,other
21831,customer_support
21832,customer_support
21833,other
21834,customer_support
21835,technical_support
21836,customer_support
21837,technical_support
21838,technical_support
21839,customer_support
21840,other
21841,technical_support
21842,customer_support
21843,technical_support
21844,other
21845,customer_support
21846,customer_support
21847,customer_support
21848,customer_support
21849,technical_support
21850,customer_support
21851,other
21852,other
21853,technical_support
21854,customer_support
21855,customer_support
21856,other
21857,customer_support
21858,other
21859,customer_support
21860,customer_support
21861,other
21862,customer_support
21863,customer_support
21864,other
21865,other
21866,customer_support
21867,customer_support
21868,technical_support
21869,technical_support
21870,customer_support
21871,customer_support
21872,other
21873,technical_support
21874,technical_support
21875,technical_support
21876,technical_support
21877,other
21878,other
21879,customer_support
21880,other
21881,customer_support
21882,customer_support
21883,customer_support
21884,other
21885,customer_support
21886,other
21887,other
21888,other
21889,technical_support
21890,customer_support
21891,customer_support
21892,other
21893,technical_support
21894,customer_support
21895,other
21896,other
21897,customer_support
21898,other
21899,other
21900,technical_support
21901,other
21902,customer_support
21903,other
21904,other
21905,technical_support
21906,customer_support
21907,customer_support
21908,other
21909,customer_support
21910,technical_support
21911,technical_support
21912,other
21913,other
21914,other
21915,technical_support
21916,technical_support
21917,other
21918,technical_support
21919,customer_support
21920,other
21921,other
21922,customer_support
21923,technical_support
21924,other
21925,customer_support
21926,customer_support
21927,technical_support
21928,technical_support
21929,other
21930,other
21931,other
21932,other
21933,technical_support
21934,customer_support
21935,technical_support
21936,technical_support
21937,other
21938,customer_support
21939,technical_support
21940,other
21941,customer_support
21942,other
21943,customer_support
21944,customer_support
21945,other
21946,technical_support
21947,technical_support
21948,other
21949,other
21950,other
21951,technical_support
21952,customer_support
21953,other
21954,customer_support
21955,technical_support
21956,technical_support
21957,other
21958,customer_support
21959,other
21960,customer_support
21961,other
21962,other
21963,other
21964,customer_support
21965,customer_support
21966,technical_support
21967,customer_support
21968,customer_support
21969,technical_support
21970,customer_support
21971,other
21972,other
21973,other
21974,technical_support
21975,technical_support
21976,customer_support
21977,other
21978,customer_support
21979,customer_support
21980,other
21981,other
21982,other
21983,other
21984,other
21985,customer_support
21986,customer_support
21987,customer_support
21988,technical_support
21989,technical_support
21990,technical_support
21991,other
21992,other
21993,customer_support
21994,technical_support
21995,customer_support
21996,technical_support
21997,other
21998,customer_support
21999,customer_support
22000,technical_support
22001,technical_support
22002,other
22003,technical_support
22004,other
22005,customer_support
22006,customer_support
22007,technical_support
22008,other
22009,other
22010,customer_support
22011,technical_support
22012,other
22013,other
22014,customer_support
22015,other
22016,technical_support
22017,customer_support
22018,customer_support
22019,customer_support
22020,other
22021,other
22022,customer_support
22023,other
22024,customer_support
22025,technical_support
22026,technical_support
22027,other
22028,other
22029,customer_support
22030,customer_support
22031,technical_support
22032,technical_support
22033,technical_support
22034,other
22035,other
22036,customer_support
22037,other
22038,other
22039,customer_support
22040,other
22041,technical_support
22042,other
22043,customer_support
22044,other
22045,technical_support
22046,other
22047,other
22048,technical_support
22049,customer_support
22050,technical_support
22051,technical_support
22052,other
22053,customer_support
22054,other
22055,customer_support
22056,technical_support
22057,technical_support
22058,technical_support
22059,technical_support
22060,customer_support
22061,technical_support
22062,customer_support
22063,other
22064,technical_support
22065,technical_support
22066,other
22067,technical_support
22068,customer_support
22069,other
22070,other
22071,other
22072,customer_support
22073,other
22074,customer_support
22075,other
22076,other
22077,technical_support
22078,other
22079,technical_support
22080,technical_support
22081,other
22082,technical_support
22083,customer_support
22084,other
22085,other
22086,technical_support
22087,customer_support
22088,customer_support
22089,other
22090,technical_support
22091,customer_support
22092,customer_support
22093,customer_support
22094,technical_support
22095,other
22096,other
22097,technical_support
22098,customer_support
22099,other
22100,customer_support
22101,other
22102,customer_support
22103,other
22104,customer_support
22105,customer_support
22106,technical_support
22107,technical_support
22108,other
22109,customer_support
22110,other
22111,technical_support
22112,other
22113,customer_support
22114,customer_support
22115,other
22116,other
22117,customer_support
22118,technical_support
22119,customer_support
22120,technical_support
22121,customer_support
22122,technical_support
22123,technical_support
22124,other
22125,customer_support
22126,other
22127,technical_support
22128,technical_support
22129,customer_support
22130,customer_support
22131,technical_support
22132,technical_support
22133,other
22134,other
22135,customer_support
22136,technical_support
22137,other
22138,customer_support
22139,customer_support
22140,technical_support
22141,customer_support
22142,technical_support
22143,other
22144,other
22145,technical_support
22146,customer_support
22147,technical_support
22148,other
22149,customer_support
22150,other
22151,other
22152,other
22153,customer_support
22154,technical_support
22155,customer_support
22156,other
22157,customer_support
22158,customer_support
22159,customer_support
22160,technical_support
22161,technical_support
22162,customer_support
22163,technical_support
22164,customer_support
22165,other
22166,other
22167,customer_support
22168,technical_support
22169,customer_support
22170,customer_support
22171,other
22172,other
22173,other
22174,technical_support
22175,customer_support
22176,other
22177,other
22178,other
22179,customer_support
22180,other
22181,other
22182,technical_support
22183,other
22184,other
22185,customer_support
22186,customer_support
22187,customer_support
22188,technical_support
22189,technical_support
22190,other
22191,technical_support
22192,technical_support
22193,other
22194,other
22195,customer_support
22196,customer_support
22197,customer_support
22198,technical_support
22199,customer_support
22200,technical_support
22201,technical_support
22202,technical_support
22203,other
22204,customer_support
22205,other
22206,customer_support
22207,customer_support
22208,customer_support
22209,technical_support
22210,other
22211,technical_support
22212,customer_support
22213,customer_support
22214,other
22215,other
22216,technical_support
22217,technical_support
22218,other
22219,other
22220,customer_support
22221,customer_support
22222,customer_support
22223,technical_support
22224,customer_support
22225,other
22226,customer_support
22227,customer_support
22228,other
22229,customer_support
22230,other
22231,customer_support
22232,other
22233,technical_support
22234,other
22235,other
22236,other
22237,other
22238,other
22239,other
22240,customer_support
22241,customer_support
22242,technical_support
22243,technical_support
22244,other
22245,other
22246,customer_support
22247,technical_support
22248,other
22249,customer_support
22250,customer_support
22251,technical_support
22252,other
22253,technical_support
22254,technical_support
22255,customer_support
22256,technical_support
22257,customer_support
22258,customer_support
22259,technical_support
22260,other
22261,other
22262,other
22263,customer_support
22264,other
22265,technical_support
22266,other
22267,customer_support
22268,technical_support
22269,technical_support
22270,customer_support
22271,technical_support
22272,customer_support
22273,customer_support
22274,other
22275,other
22276,customer_support
22277,customer_support
22278,other
22279,technical_support
22280,technical_support
22281,other
22282,customer_support
22283,technical_support
22284,technical_support
22285,technical_support
22286,other
22287,technical_support
22288,customer_support
22289,technical_support
22290,technical_support
22291,customer_support
22292,other
22293,technical_support
22294,customer_support
22295,technical_support
22296,technical_support
22297,technical_support
22298,other
22299,customer_support
22300,other
22301,customer_support
22302,other
22303,technical_support
22304,customer_support
22305,customer_support
22306,technical_support
22307,technical_support
22308,technical_support
22309,other
22310,customer_support
22311,technical_support
22312,other
22313,customer_support
22314,customer_support
22315,customer_support
22316,technical_support
22317,customer_support
22318,customer_support
22319,customer_support
22320,customer_support
22321,other
22322,technical_support
22323,technical_support
22324,customer_support
22325,other
22326,technical_support
22327,customer_support
22328,customer_support
22329,other
22330,other
22331,customer_support
22332,technical_support
22333,customer_support
22334,other
22335,other
22336,technical_support
22337,customer_support
22338,other
22339,customer_support
22340,other
22341,technical_support
22342,customer_support
22343,technical_support
22344,other
22345,other
22346,technical_support
22347,technical_support
22348,other
22349,other
22350,technical_support
22351,other
22352,technical_support
22353,other
22354,other
22355,customer_support
22356,customer_support
22357,technical_support
22358,technical_support
22359,other
22360,customer_support
22361,other
22362,other
22363,other
22364,other
22365,customer_support
22366,other
22367,other
22368,other
22369,technical_support
22370,technical_support
22371,customer_support
22372,technical_support
22373,technical_support
22374,customer_support
22375,technical_support
22376,customer_support
22377,technical_support
22378,other
22379,technical_support
22380,technical_support
22381,customer_support
22382,technical_support
22383,customer_support
22384,other
22385,other
22386,other
22387,technical_support
22388,technical_support
22389,other
22390,customer_support
22391,technical_support
22392,other
22393,other
22394,technical_support
22395,technical_support
22396,other
22397,other
22398,other
22399,technical_support
22400,customer_support
22401,customer_support
22402,other
22403,technical_support
22404,other
22405,customer_support
22406,customer_support
22407,other
22408,customer_support
22409,customer_support
22410,other
22411,technical_support
22412,customer_support
22413,other
22414,customer_support
22415,technical_support
22416,other
22417,customer_support
22418,other
22419,customer_support
22420,technical_support
22421,technical_support
22422,customer_support
22423,customer_support
22424,technical_support
22425,other
22426,technical_support
22427,other
22428,other
22429,technical_support
22430,customer_support
22431,other
22432,other
22433,customer_support
22434,customer_support
22435,other
22436,technical_support
22437,technical_support
22438,customer_support
22439,other
22440,technical_support
22441,customer_support
22442,other
22443,technical_support
22444,customer_support
22445,technical_support
22446,customer_support
22447,customer_support
22448,other
22449,customer_support
22450,other
22451,customer_support
22452,customer_support
22453,customer_support
22454,customer_support
22455,other
22456,other
22457,customer_support
22458,customer_support
22459,customer_support
22460,customer_support
22461,other
22462,technical_support
22463,technical_support
22464,technical_support
22465,other
22466,technical_support
22467,technical_support
22468,technical_support
22469,customer_support
22470,customer_support
22471,other
22472,technical_support
22473,technical_support
22474,customer_support
22475,other
22476,technical_support
22477,other
22478,customer_support
22479,other
22480,technical_support
22481,technical_support
22482,technical_support
22483,other
22484,other
22485,customer_support
22486,other
22487,customer_support
22488,other
22489,technical_support
22490,technical_support
22491,technical_support
22492,technical_support
22493,customer_support
22494,technical_support
22495,other
22496,technical_support
22497,technical_support
22498,customer_support
22499,technical_support
22500,other
22501,technical_support
22502,technical_support
22503,customer_support
22504,customer_support
22505,technical_support
22506,other
22507,technical_support
22508,technical_support
22509,customer_support
22510,customer_support
22511,other
22512,technical_support
22513,customer_support
22514,customer_support
22515,customer_support
22516,other
22517,customer_support
22518,customer_support
22519,technical_support
22520,technical_support
22521,other
22522,technical_support
22523,other
22524,other
22525,technical_support
22526,technical_support
22527,technical_support
22528,other
22529,customer_support
22530,technical_support
22531,customer_support
22532,technical_support
22533,other
22534,technical_support
22535,customer_support
22536,customer_support
22537,customer_support
22538,technical_support
22539,customer_support
22540,technical_support
22541,customer_support
22542,other
22543,technical_support
22544,other
22545,other
22546,customer_support
22547,other
22548,customer_support
22549,other
22550,other
22551,customer_support
22552,other
22553,other
22554,technical_support
22555,other
22556,technical_support
22557,customer_support
22558,other
22559,technical_support
22560,customer_support
22561,other
22562,technical_support
22563,technical_support
22564,customer_support
22565,customer_support
